id,class,class_id,prob
9156739011499789258,nyamachoma,9,0.7806326150894165
2049465964503133373,kachumbari,3,0.6151703596115112
6446998501027132988,nyamachoma,9,0.8786344528198242
4194396063119815321,ugali,12,0.9989219903945923
9018117998187006009,mandazi,5,0.5210094451904297
6246759883907852128,masalachips,6,0.9999383687973022
16478122708528316044,nyamachoma,9,0.9955968260765076
14045745760440690312,chapati,1,0.24680262804031372
7872954221890963019,matoke,7,0.789808988571167
4868486697531317477,chapati,1,0.9995808005332947
1553184083042063886,chapati,1,0.9945840239524841
16150381593558613667,nyamachoma,9,0.8078362345695496
10748063253389367191,kachumbari,3,0.9525356292724609
7678641842478065807,githeri,2,0.7024891376495361
1836395629110611498,masalachips,6,0.8213463425636292
7012179965129100386,ugali,12,0.98567134141922
10845272713647403861,sukumawiki,11,0.9670323133468628
12076092859851631966,nyamachoma,9,0.9978488683700562
4274441265593863943,nyamachoma,9,0.8033336997032166
378295533330079115,chapati,1,0.999495267868042
11993608360875146910,masalachips,6,0.9733341336250305
15124601588601977470,chapati,1,0.9994545578956604
14510735002641936346,githeri,2,0.9898741245269775
3551710730860252797,chapati,1,0.6714794635772705
9747940763924069508,nyamachoma,9,0.9011133313179016
14524516184482112107,kachumbari,3,0.33152419328689575
14972385907001542357,chapati,1,0.9984683394432068
11525666882164779739,masalachips,6,0.4282526969909668
12352579916842867652,chapati,1,0.9931856393814087
6381810042027465099,nyamachoma,9,0.9966269731521606
1820280516107246454,matoke,7,0.9975711703300476
3386800443469418132,bhaji,0,0.5136417746543884
4711036524470639280,pilau,10,0.978281557559967
12768257978219958878,masalachips,6,0.7294549942016602
16957067880792897424,masalachips,6,0.33301272988319397
7136939377674940311,ugali,12,0.9928882718086243
8116123868165089883,sukumawiki,11,0.7982427477836609
12714720349333631297,chapati,1,0.9910029172897339
13250986353851418035,chapati,1,0.9997645020484924
12177996140980390810,githeri,2,0.9867427349090576
12890258924022188867,mandazi,5,0.999832272529602
15017846103792770311,githeri,2,0.5943956971168518
13406266595115779191,ugali,12,0.998855710029602
8064953204903028586,matoke,7,0.9949058294296265
5069828705950569129,mandazi,5,0.9987161159515381
10110582739476753591,mandazi,5,0.4047560393810272
12295810728359605251,githeri,2,0.9901592135429382
6901262699491525201,mandazi,5,0.9994075298309326
18345681561108186439,githeri,2,0.9991600513458252
14180072963460703831,nyamachoma,9,0.9978249073028564
7817844030831091189,sukumawiki,11,0.8889524936676025
1014758634312903488,nyamachoma,9,0.4631565511226654
12190229724565779094,ugali,12,0.9970539808273315
14262882924647087716,mandazi,5,0.999329686164856
1106694991546983314,kachumbari,3,0.8348703980445862
2824555299549354995,masalachips,6,0.8737002015113831
15008606007081715042,chapati,1,0.9987154006958008
15074122413915912633,mandazi,5,0.9921545386314392
17237943203754196098,nyamachoma,9,0.975343644618988
11750276302507587184,nyamachoma,9,0.998892605304718
988574772261623475,githeri,2,0.9973579049110413
2910467219646285575,masalachips,6,0.9999697208404541
982109183056815075,mandazi,5,0.9978637099266052
5993711308710164914,chapati,1,0.9792938828468323
10891132468026687488,ugali,12,0.9366006851196289
5561760193647370049,chapati,1,0.9990730285644531
11933447057896498110,mandazi,5,0.9996229410171509
18403896937644910866,chapati,1,0.4856070876121521
1173586271487070643,nyamachoma,9,0.9979166388511658
11494506886140471019,mandazi,5,0.9986461997032166
13106084860451128932,bhaji,0,0.9507189989089966
16613706322518465182,matoke,7,0.7645434737205505
13553859105330776750,mukimo,8,0.9980899691581726
3335148740868677310,sukumawiki,11,0.25528109073638916
12831757841808404416,nyamachoma,9,0.29933905601501465
8196388079885693776,masalachips,6,0.9904531240463257
10535164608254533949,mukimo,8,0.9759392738342285
10954539690037219490,githeri,2,0.9970574378967285
4059811277090856517,sukumawiki,11,0.9980384707450867
9388962691197438734,nyamachoma,9,0.982550323009491
13843672218362106083,ugali,12,0.9970794916152954
16562815677981514851,ugali,12,0.9696968793869019
13517487854360157108,nyamachoma,9,0.9849727153778076
13319384938647182256,nyamachoma,9,0.9908308982849121
16273186685497510505,pilau,10,0.9815382957458496
1697974532803824405,masalachips,6,0.9252424240112305
16903252693459438162,chapati,1,0.9995713829994202
1969860806706222385,kachumbari,3,0.9810858964920044
16346221003002318158,masalachips,6,0.9983205199241638
12431941384907995104,nyamachoma,9,0.9963034391403198
5634936085032883235,bhaji,0,0.5963613390922546
6919287004125397271,chapati,1,0.9896544218063354
761270166752000015,masalachips,6,0.5430712699890137
2297886573487684944,ugali,12,0.7688966393470764
8122302957309708656,githeri,2,0.9447699785232544
10797822793240488233,chapati,1,0.9038819074630737
1686713138475937211,matoke,7,0.3703649342060089
12304585492801821345,masalachips,6,0.9982927441596985
15549099511346145382,ugali,12,0.995502769947052
5134535133102715871,mandazi,5,0.4777633547782898
14534943687071186959,mandazi,5,0.7249536514282227
3661055381603002730,masalachips,6,0.9775874018669128
17265890521318489894,nyamachoma,9,0.5106236338615417
3400137384372973994,pilau,10,0.7906096577644348
14977836354102447397,chapati,1,0.9828441143035889
9783693169806472726,ugali,12,0.7890462875366211
1357774156620403185,pilau,10,0.31639400124549866
8252559831012063925,mandazi,5,0.9994250535964966
11626675398845327226,kachumbari,3,0.969541609287262
12165321421457961757,chapati,1,0.9290769696235657
2639891745231154257,nyamachoma,9,0.8343403339385986
11243847040700125467,githeri,2,0.999984622001648
1173020092299634974,pilau,10,0.9969069361686707
13783194148085135188,masalachips,6,0.9922055602073669
15091543643924590227,ugali,12,0.8648390769958496
8685939564181023847,mukimo,8,0.8758792281150818
18339339599291781704,pilau,10,0.5784143805503845
16008198301773137843,masalachips,6,0.9997015595436096
8981669783289304769,mandazi,5,0.9819092750549316
2091586883237847738,sukumawiki,11,0.7696717977523804
14977720817061600083,sukumawiki,11,0.9987782835960388
11535783017487666377,kachumbari,3,0.9628938436508179
9470207748503241447,bhaji,0,0.42540210485458374
383985176186318350,ugali,12,0.9697147011756897
3329821741742186938,bhaji,0,0.799623966217041
691689698043245695,nyamachoma,9,0.9929425716400146
16261532715470619259,ugali,12,0.45721909403800964
2836541796130738193,masalachips,6,0.8967689275741577
10973711001735621347,masalachips,6,0.8702104687690735
5626538573426609586,masalachips,6,0.32462915778160095
13821488647740832481,mandazi,5,0.9964338541030884
8542395356535003059,chapati,1,0.9997311234474182
11056899456295591592,sukumawiki,11,0.6753522157669067
8603847493940663559,bhaji,0,0.7628839015960693
5273979289374794223,ugali,12,0.8867807388305664
4666889333254385141,sukumawiki,11,0.9286240339279175
11608483177445666809,pilau,10,0.9772266149520874
3351352079149286272,chapati,1,0.8165102005004883
15911324942732885782,kachumbari,3,0.9264723062515259
15314143806655733248,sukumawiki,11,0.6547054052352905
15620030317225182783,chapati,1,0.7268320322036743
1115228811319201106,mandazi,5,0.9804102778434753
15036260053820178320,chapati,1,0.9998114705085754
6255168012794566642,matoke,7,0.5278993844985962
5359860056357259916,mandazi,5,0.9990118741989136
8510036279344254906,mandazi,5,0.9924982190132141
13433362408458218349,mandazi,5,0.7527754902839661
9177832684280818731,ugali,12,0.9494338631629944
14698117972999685745,nyamachoma,9,0.9843026399612427
12196416060090351959,pilau,10,0.9947295784950256
7190465626661991478,chapati,1,0.9719638824462891
15332892200993368190,chapati,1,0.991054117679596
15690765801804992630,sukumawiki,11,0.655038058757782
10102135989223399039,kachumbari,3,0.3718499541282654
8422818151717390944,chapati,1,0.9990633130073547
9959793093699039658,bhaji,0,0.926263689994812
12190482841788287969,nyamachoma,9,0.9993072748184204
17288124010928133768,matoke,7,0.869177520275116
10748354524868351672,sukumawiki,11,0.9955137372016907
8366853423763282151,masalachips,6,0.999527096748352
1783605112612427915,ugali,12,0.7228951454162598
14171265242887745988,ugali,12,0.6016703248023987
1475593175992332077,kachumbari,3,0.9975415468215942
13585512538775023364,bhaji,0,0.9951643943786621
5266706443640987761,ugali,12,0.9470176100730896
11886108908787234100,githeri,2,0.9998588562011719
4418741899287152795,chapati,1,0.8603371977806091
12123628312093621035,matoke,7,0.9505345225334167
13628448682521713100,ugali,12,0.5281574726104736
17918549253947459126,masalachips,6,0.959679126739502
8836295853288823747,nyamachoma,9,0.9721139073371887
12563942188259613277,matoke,7,0.9690854549407959
7279049750008194702,chapati,1,0.691921591758728
15008498520128955330,masalachips,6,0.9990791082382202
10480333472611798096,masalachips,6,0.9744408130645752
12328727869028574419,nyamachoma,9,0.9920927882194519
7471730227220449048,mandazi,5,0.9286137223243713
2893998969832300199,matoke,7,0.9923979640007019
14068111136860818040,mandazi,5,0.9925198554992676
11141297177585788700,kachumbari,3,0.5873780250549316
13014842969128712002,sukumawiki,11,0.2419929951429367
13395793322365795428,bhaji,0,0.8769351243972778
6377591373614883913,nyamachoma,9,0.6885061860084534
397792304508206428,matoke,7,0.9696637988090515
13437902355558957450,pilau,10,0.994452178478241
5973698746249271789,nyamachoma,9,0.9995056390762329
13651203668939430381,masalachips,6,0.9958698153495789
16435542866281203198,bhaji,0,0.9683096408843994
15851485436682147775,mandazi,5,0.946828305721283
7903242276198010604,sukumawiki,11,0.3846987187862396
13813539405832200604,chapati,1,0.9705361723899841
8457914491089307501,chapati,1,0.9979889392852783
16200589865827271682,matoke,7,0.9889524579048157
17725084622075378553,ugali,12,0.9957222938537598
5042902231190736409,chapati,1,0.9680525660514832
7622877246147659431,mandazi,5,0.9986975193023682
13382607997436886168,mandazi,5,0.9994639754295349
7058867706280603036,masalachips,6,0.9258684515953064
9843029272490566120,matoke,7,0.9910749197006226
2026656771021130366,mukimo,8,0.9448010325431824
3418538388241751958,sukumawiki,11,0.4959821105003357
6646785428062490064,bhaji,0,0.9361003637313843
9345882131302789141,nyamachoma,9,0.8788756728172302
7543536850118167079,nyamachoma,9,0.9972585439682007
18423764079108289895,pilau,10,0.9124884009361267
2613711888083304420,nyamachoma,9,0.9979369640350342
16330529712295811220,mandazi,5,0.9985544085502625
7108722249194400867,githeri,2,0.992324709892273
1636060190432298371,kachumbari,3,0.9872844219207764
1024172349080163166,kachumbari,3,0.9968717694282532
11967799842762378865,ugali,12,0.45342886447906494
14508043394830310397,nyamachoma,9,0.9922899603843689
15771718359736361195,nyamachoma,9,0.9966367483139038
17093854010278610007,sukumawiki,11,0.673771858215332
12339291527051578818,ugali,12,0.9825714230537415
4344362503327457770,chapati,1,0.33852285146713257
1736742007286049237,masalachips,6,0.9999587535858154
9659856526867382870,sukumawiki,11,0.9791291952133179
8482449136638770916,nyamachoma,9,0.3051442503929138
13447044253231711526,pilau,10,0.8534110188484192
18401324197708093617,chapati,1,0.9312348365783691
154626877971440280,masalachips,6,0.9983603358268738
9819034861576548052,sukumawiki,11,0.8001819252967834
10311739361957857118,sukumawiki,11,0.8887138366699219
5910870249936252255,pilau,10,0.9964773058891296
408683412081536185,githeri,2,0.9450492858886719
6473465927283239851,ugali,12,0.9966222047805786
17254491036980948864,chapati,1,0.7513840198516846
14401677604126188523,nyamachoma,9,0.9262014031410217
8294502953688426341,githeri,2,0.998664140701294
10221522431636914443,chapati,1,0.9994045495986938
7345761039440091897,githeri,2,0.9846145510673523
11028217028893474809,chapati,1,0.9952558875083923
3739531203182583081,matoke,7,0.9328491687774658
9979392188478154008,mandazi,5,0.9855777621269226
8213365026002176366,chapati,1,0.9983367919921875
12283111740174705307,chapati,1,0.40970274806022644
14039380239746367820,chapati,1,0.9498578906059265
1033086413179005018,masalachips,6,0.9902358651161194
7028835726053781767,nyamachoma,9,0.9203102588653564
15688539211367505590,bhaji,0,0.2877150774002075
17511719856616651463,chapati,1,0.4512942433357239
5778209842554051444,mandazi,5,0.9987326264381409
9715825811539818915,chapati,1,0.9134436845779419
4019893388986937213,ugali,12,0.4962567985057831
10491256178322529476,matoke,7,0.9842983484268188
4514380664411721924,githeri,2,0.30090054869651794
1863175047210509183,githeri,2,0.9781703352928162
9419250458836193428,mandazi,5,0.9994741082191467
17427226605692675584,chapati,1,0.8424552083015442
14360740897193017434,masalachips,6,0.9890645742416382
4924198701699246678,githeri,2,0.9673982262611389
5141063033752835127,ugali,12,0.9578315019607544
2327011646705567959,kachumbari,3,0.8137882351875305
18256609712454655569,githeri,2,0.9977633953094482
4628206316993090341,ugali,12,0.8144630789756775
15577853985026801001,nyamachoma,9,0.9990960359573364
357223172315723285,masalachips,6,0.2496572732925415
6227504259881409259,mandazi,5,0.7848135828971863
15236417011922871300,sukumawiki,11,0.9875126481056213
13251224800333445142,nyamachoma,9,0.9885663390159607
18216292475905094676,ugali,12,0.7651338577270508
6704970097468892762,kachumbari,3,0.5077112317085266
10803788572811639770,bhaji,0,0.9568331837654114
9798429900990795864,mukimo,8,0.2113776057958603
17846448057344912879,githeri,2,0.9973641037940979
512923677288863455,pilau,10,0.9990782737731934
13534564745582724884,nyamachoma,9,0.9973129630088806
1761202656439641211,ugali,12,0.9068973064422607
1779013345779834610,nyamachoma,9,0.9906837940216064
11134487749526925893,mandazi,5,0.9984543323516846
6874974879389748486,kachumbari,3,0.7152581810951233
2008482944638019636,chapati,1,0.6186957955360413
5290911765478588910,chapati,1,0.6422394514083862
9718148789833698568,sukumawiki,11,0.8916659951210022
2713791089243901225,chapati,1,0.9986978769302368
9141685386751923865,chapati,1,0.9973203539848328
3584273011486933977,bhaji,0,0.36951056122779846
647900954527732216,nyamachoma,9,0.9990830421447754
9460231234957825525,mandazi,5,0.9986513257026672
3647449053075634130,mukimo,8,0.9769360423088074
1483732360027030920,bhaji,0,0.9599384069442749
1315418192411844186,nyamachoma,9,0.717443585395813
1845965701232541193,githeri,2,0.99777752161026
7221783998263486163,nyamachoma,9,0.43665555119514465
11274329368194161236,mandazi,5,0.9882408976554871
16932310213626556353,ugali,12,0.9891489148139954
12721335060755333946,nyamachoma,9,0.8147998452186584
9031664819701623403,matoke,7,0.27414336800575256
13775877460659507506,kachumbari,3,0.9995279312133789
15488577862285772385,ugali,12,0.7373802065849304
7208747626207752318,chapati,1,0.9897197484970093
750003662509149172,bhaji,0,0.9911483526229858
13269206833477599083,nyamachoma,9,0.9956377148628235
11229408752474581458,mandazi,5,0.9985887408256531
11706451632744487001,chapati,1,0.9967766404151917
4810507330944834146,mandazi,5,0.9983105659484863
8777416531750857172,ugali,12,0.9993701577186584
14869198847112256801,bhaji,0,0.9872072339057922
5377424266929477918,ugali,12,0.9856410026550293
11826188387011913224,chapati,1,0.3361525535583496
4887697901295530264,ugali,12,0.9911072850227356
2227367520876552687,nyamachoma,9,0.4477432668209076
5842161939701625540,bhaji,0,0.9863713383674622
1844495863342443673,ugali,12,0.6154441237449646
15133695366550968682,pilau,10,0.43335971236228943
1510922567410133293,mandazi,5,0.9875186085700989
15809849087520119899,sukumawiki,11,0.4026872217655182
11633379313373654772,chapati,1,0.7866870164871216
11995486685038660626,bhaji,0,0.43648573756217957
14418888052034006622,chapati,1,0.9997674822807312
18043195612774591569,mandazi,5,0.993953287601471
17232204708171768578,githeri,2,0.9896676540374756
12478415505890487683,masalachips,6,0.853053629398346
4481342611008844605,mandazi,5,0.9994640946388245
13762088470187101263,nyamachoma,9,0.9916974306106567
15420066193900048627,nyamachoma,9,0.9491439461708069
10256780869845093755,ugali,12,0.4652051031589508
14751183694236241016,kukuchoma,4,0.5615897178649902
10601495795550038385,mandazi,5,0.9993075132369995
11967373751660434844,githeri,2,0.5856044888496399
11326839832877371856,matoke,7,0.9949235320091248
6101485270037891519,chapati,1,0.9935843348503113
4652564753816464734,nyamachoma,9,0.9939051270484924
10551512450149335925,kachumbari,3,0.6375893354415894
13479425059802666179,bhaji,0,0.9872313141822815
4081630355592203827,chapati,1,0.775795578956604
13614126059644421646,sukumawiki,11,0.9990500807762146
14149955071751662071,chapati,1,0.9980693459510803
15480299189183376248,bhaji,0,0.938980758190155
9110028199964653480,pilau,10,0.9983792304992676
3947168929876946164,kukuchoma,4,0.8275258541107178
14977719907677045909,nyamachoma,9,0.9944238066673279
7064840039907742753,mandazi,5,0.999464213848114
193014184896406570,nyamachoma,9,0.9975904226303101
10339228361504636930,pilau,10,0.977725625038147
13977737450013523872,bhaji,0,0.5972498059272766
11343589069114007636,ugali,12,0.9931095838546753
17806668235125090499,chapati,1,0.9964413046836853
17744659393778354376,ugali,12,0.9988885521888733
15923937039872096342,masalachips,6,0.9857009649276733
10288717483743612585,pilau,10,0.999538779258728
7364447289823250077,mandazi,5,0.9898979663848877
14507826452339696121,githeri,2,0.2518504858016968
7681771338411937920,bhaji,0,0.80250483751297
14409722843287822376,bhaji,0,0.34715795516967773
5094477862743936636,mandazi,5,0.993155300617218
671684490123721932,ugali,12,0.38911980390548706
10504912205528049568,mandazi,5,0.9819585680961609
9418712822200217869,bhaji,0,0.9656734466552734
12660353753615869358,githeri,2,0.9998143315315247
5554288459467044185,masalachips,6,0.6073146462440491
1514148605272563452,ugali,12,0.5587323307991028
11436000120645512306,mandazi,5,0.9977627992630005
16299062930688223105,matoke,7,0.6047924757003784
11338539282675200623,chapati,1,0.7545584440231323
1786854575084752331,bhaji,0,0.9964460730552673
4269292328271167690,bhaji,0,0.8994812369346619
11337580954633840380,bhaji,0,0.9430872201919556
9559460088167296467,kachumbari,3,0.661176860332489
13355321050336751346,kachumbari,3,0.6841620206832886
1873328236194141577,nyamachoma,9,0.6814790964126587
15313076560374808804,ugali,12,0.9318806529045105
17503305627836209893,mandazi,5,0.9981083869934082
5207944820989100906,ugali,12,0.9721727967262268
9464277099030727272,kachumbari,3,0.5585346817970276
8646363607211597576,mukimo,8,0.2519854009151459
15612062029096667719,ugali,12,0.9988289475440979
3631180427842360203,kachumbari,3,0.6096416115760803
7864121173869884240,bhaji,0,0.9995294809341431
9483664308571127021,kachumbari,3,0.970609724521637
11456538388715881358,chapati,1,0.7386455535888672
2045401121454521681,kachumbari,3,0.9160663485527039
9650672577969928643,nyamachoma,9,0.9962201714515686
5687693015126449094,chapati,1,0.98893141746521
17268932542209018929,bhaji,0,0.5707729458808899
15296918300215415117,mandazi,5,0.998745322227478
17385307640579501917,ugali,12,0.6381889581680298
15784926491953258851,chapati,1,0.9783416986465454
171227099262874892,bhaji,0,0.569629430770874
3084863096205939308,bhaji,0,0.8163674473762512
18293107613277886932,bhaji,0,0.990250825881958
5020194932336647377,mukimo,8,0.923488974571228
15413941144267748757,nyamachoma,9,0.9940242171287537
8812864679133922881,bhaji,0,0.8299928903579712
9509834420565330681,mukimo,8,0.999634861946106
8070398107115864960,pilau,10,0.9481462240219116
58603927811041952,sukumawiki,11,0.9830120205879211
7271351025798223449,bhaji,0,0.9965708255767822
1370022267746356756,ugali,12,0.9914922118186951
1722419049703004856,chapati,1,0.9967038035392761
17093341382563500450,kachumbari,3,0.556907594203949
15210759296054570135,matoke,7,0.9097287654876709
17752160307677920947,nyamachoma,9,0.9200777411460876
11474789851827593263,kachumbari,3,0.9653348326683044
16248144946733558995,chapati,1,0.8482210636138916
6344293456587478249,nyamachoma,9,0.9920961856842041
8436191237338367818,ugali,12,0.8022975325584412
5532447134573461004,sukumawiki,11,0.4860149919986725
6202881953111685417,matoke,7,0.652444064617157
18284473261399416282,bhaji,0,0.9992210865020752
4367770269008602819,mukimo,8,0.9125003218650818
17425729619528845318,sukumawiki,11,0.9994592070579529
3320564052696386260,nyamachoma,9,0.5275540947914124
17128961191243831995,chapati,1,0.9987099170684814
12749715907909482115,chapati,1,0.9987547397613525
688663478550263666,githeri,2,0.9999521970748901
930236947628925041,bhaji,0,0.9971386194229126
4146008112016168642,githeri,2,0.2998802959918976
8982974588876029828,sukumawiki,11,0.9968830347061157
6644739788578686558,nyamachoma,9,0.9992462396621704
3580451554644108530,matoke,7,0.9906662106513977
2551816884134606780,mandazi,5,0.9954432249069214
15844167304487176808,mandazi,5,0.9868005514144897
17787049892774459992,nyamachoma,9,0.9967458248138428
16380946673821752034,masalachips,6,0.960628092288971
16107650016171559861,githeri,2,0.999158501625061
6686330795392911430,chapati,1,0.9993489384651184
7632548321121845670,matoke,7,0.9964588284492493
3602334317428057815,sukumawiki,11,0.4509795904159546
16362870378604418258,bhaji,0,0.29658329486846924
672727354585566109,nyamachoma,9,0.9937120676040649
18415104579862975326,mandazi,5,0.9965888261795044
11584846466132646723,kukuchoma,4,0.39710405468940735
8199546024210931840,matoke,7,0.26201120018959045
16856439956069557065,bhaji,0,0.9856711030006409
11009355379742773932,mukimo,8,0.8848738074302673
73585503001692948,sukumawiki,11,0.4098712205886841
9663194316061248222,matoke,7,0.8885263204574585
15152155025166295083,mukimo,8,0.3785991668701172
18107350579341218870,mandazi,5,0.9654151201248169
5035465744270742439,chapati,1,0.9956081509590149
2728254238930715983,ugali,12,0.9992062449455261
15196825795726720908,chapati,1,0.9992546439170837
17811283064377029460,mandazi,5,0.9865737557411194
6283693902335659180,nyamachoma,9,0.96455317735672
11570361516996432272,mandazi,5,0.6430028676986694
7454000247671709039,chapati,1,0.9593902230262756
12533434704225311496,pilau,10,0.9995686411857605
12429188656729245881,githeri,2,0.9661322236061096
9696576710454819443,chapati,1,0.9978959560394287
4695272267228050823,ugali,12,0.9892665147781372
1190904870294331237,ugali,12,0.9656174182891846
14352737897122827394,kachumbari,3,0.9978756904602051
8643762829682282904,nyamachoma,9,0.9991113543510437
5027742189550437393,mandazi,5,0.9315875768661499
16968451424473401787,ugali,12,0.9952419996261597
17631355737332511323,mandazi,5,0.999832034111023
8944558198022156081,masalachips,6,0.910131573677063
5906402380945584030,chapati,1,0.4244396686553955
14588723242839554524,githeri,2,0.776999831199646
4957928776583762112,kachumbari,3,0.932696521282196
15681490616909511082,githeri,2,0.36884617805480957
3098084457190322716,githeri,2,0.9897616505622864
18162464105777535071,ugali,12,0.7126992344856262
14774608777583701279,chapati,1,0.993365466594696
5316185716959181239,chapati,1,0.9996236562728882
4532578860509387579,bhaji,0,0.979209303855896
7503918163130415845,githeri,2,0.9222186803817749
1874263454507016479,nyamachoma,9,0.7095934748649597
16892044434778607840,bhaji,0,0.9986513257026672
5456650143577914196,ugali,12,0.7335821986198425
11928092208330908057,matoke,7,0.2925230860710144
5747400618053435146,mandazi,5,0.9952776432037354
5098735543608280733,kukuchoma,4,0.47000911831855774
825702726106671707,mandazi,5,0.9587857127189636
14469062941266525119,chapati,1,0.2722286283969879
6644158974310118572,nyamachoma,9,0.990744948387146
16405252168285728336,sukumawiki,11,0.9515589475631714
3726353820898441497,bhaji,0,0.9819163680076599
12462405995319637502,masalachips,6,0.44090697169303894
12117591841116020342,bhaji,0,0.8245027661323547
8395607170213023786,kachumbari,3,0.8038153648376465
4061257205067629978,bhaji,0,0.8681009411811829
6694320234818592489,ugali,12,0.99082350730896
69199137113489455,pilau,10,0.9992330074310303
7221985143260268979,nyamachoma,9,0.9986386895179749
1308405771024117947,chapati,1,0.9999370574951172
15485518962054818769,masalachips,6,0.9798821210861206
15306443292675736537,kachumbari,3,0.45347699522972107
15265065584326275962,nyamachoma,9,0.9886276125907898
6500484835004684461,ugali,12,0.9920833110809326
11273007305087293207,nyamachoma,9,0.25097495317459106
8045826470581464503,pilau,10,0.9949091076850891
1864727275683354447,nyamachoma,9,0.999688982963562
15982728669335550431,matoke,7,0.4527071714401245
10230038748281830358,nyamachoma,9,0.999724805355072
11690744022751122119,bhaji,0,0.9325912594795227
3425406512000145378,mandazi,5,0.9878252148628235
14794431530485533532,ugali,12,0.9957512617111206
1278095148647623582,githeri,2,0.9948325157165527
13500013090806477875,pilau,10,0.9993746876716614
13928378446623884919,nyamachoma,9,0.9986145496368408
96776047111586538,nyamachoma,9,0.3330112397670746
15128827535193084602,githeri,2,0.8633213043212891
971150236775003747,ugali,12,0.9917538166046143
4005754432901553386,kachumbari,3,0.8255323171615601
15509987023060187858,githeri,2,0.9999182224273682
11403697091659910322,nyamachoma,9,0.9822534918785095
14311250949158129655,mandazi,5,0.566006600856781
4971343206369877088,kachumbari,3,0.9155578017234802
10616076561470538769,ugali,12,0.9373039603233337
16482573853302461184,mandazi,5,0.9992939233779907
2049517581197700435,ugali,12,0.5379745960235596
9325269790432007572,mandazi,5,0.9976869821548462
8749038216842113876,kachumbari,3,0.8834679126739502
1399298471813775374,matoke,7,0.7885039448738098
10339445144891593406,mukimo,8,0.525995135307312
13940543650736546476,nyamachoma,9,0.9998687505722046
9537299342678615272,nyamachoma,9,0.8228204250335693
5692273483773550723,masalachips,6,0.169291153550148
18321039363009355286,bhaji,0,0.9982588887214661
10713202486153775113,pilau,10,0.2776775658130646
10173313192655643896,mandazi,5,0.9970691800117493
8864144451303122104,nyamachoma,9,0.9914622902870178
18321708560046574932,matoke,7,0.9960383176803589
6758093151306969942,chapati,1,0.9989703893661499
11641094941268581672,chapati,1,0.863477885723114
10528645622792142544,githeri,2,0.2400669902563095
15525226038135404760,nyamachoma,9,0.9956377148628235
13941062316169308071,bhaji,0,0.993740439414978
15230146045255249246,nyamachoma,9,0.5818102955818176
18267632306122203480,chapati,1,0.8481254577636719
11940823392168682155,sukumawiki,11,0.28151175379753113
6302495690421637982,chapati,1,0.9974383115768433
11649028343893710995,githeri,2,0.9966272711753845
11899337070914149329,nyamachoma,9,0.9993733763694763
10407250256484575073,kachumbari,3,0.7562118768692017
6582452949275389646,nyamachoma,9,0.866355299949646
5664138533187591675,chapati,1,0.37073856592178345
6541669301708849760,mukimo,8,0.999688982963562
2694031632012288342,nyamachoma,9,0.9993119239807129
5941221229349444483,kachumbari,3,0.9394087195396423
13130517454188646276,masalachips,6,0.47816765308380127
9302721997592942791,kachumbari,3,0.9998136162757874
5108614074384230569,ugali,12,0.8475860357284546
18316035234112861730,masalachips,6,0.9969993829727173
1385496500998660673,nyamachoma,9,0.4535953998565674
11144507773392113142,masalachips,6,0.9959718585014343
12386083533968767880,nyamachoma,9,0.715221643447876
15711053061372693625,ugali,12,0.914117157459259
8924339916156119511,chapati,1,0.36550432443618774
7692224407249149543,githeri,2,0.5546365976333618
2431259698267335558,mandazi,5,0.9990478157997131
18137002209462925587,githeri,2,0.7432948350906372
3128542894118292572,githeri,2,0.9993689656257629
5293350080522344635,mandazi,5,0.9843195080757141
594749869939278888,nyamachoma,9,0.9830297827720642
2970146313928564521,nyamachoma,9,0.45029884576797485
5962248642882144950,chapati,1,0.9996485710144043
9412204221775165702,ugali,12,0.9849602580070496
2556254428325141139,chapati,1,0.8323742151260376
1624628203647259441,bhaji,0,0.9164311289787292
18082384823003118705,githeri,2,0.9996066689491272
7445824523945345833,chapati,1,0.9987788796424866
190583790112789153,chapati,1,0.9550394415855408
11596236335844142683,masalachips,6,0.9960711002349854
5030324776614681870,chapati,1,0.9557414650917053
12074429365762101140,chapati,1,0.9378077983856201
12848194191340681404,nyamachoma,9,0.9307697415351868
6685890812242316635,chapati,1,0.9465651512145996
10475097977441005546,pilau,10,0.9878237247467041
113551969029114053,mukimo,8,0.643522322177887
14156508233128764200,chapati,1,0.7771490812301636
5405317766980936508,mandazi,5,0.9994012117385864
15791856405164437400,chapati,1,0.9634588360786438
12283929423234404748,ugali,12,0.9853212237358093
11530854430921755767,mandazi,5,0.9944532513618469
11213160321815852433,ugali,12,0.3958946466445923
8678673742576225342,chapati,1,0.9919058084487915
13320788895241148258,kachumbari,3,0.46522584557533264
6047348548014323691,pilau,10,0.33196061849594116
9105198149579994995,githeri,2,0.9996662139892578
5724468328178054074,nyamachoma,9,0.9056680202484131
13030798924629492933,pilau,10,0.9994151592254639
10205244452050272005,chapati,1,0.9804832935333252
1249070716387127720,chapati,1,0.99103844165802
87210343417660317,githeri,2,0.9879037737846375
14838065746498510182,bhaji,0,0.9952383041381836
2478864473815020893,kachumbari,3,0.5404734015464783
18077818944344288808,chapati,1,0.9983465671539307
6661046174535087529,chapati,1,0.9870184659957886
1952725610792777429,githeri,2,0.9987757802009583
17432578408954224623,mukimo,8,0.9412953853607178
16733507603041909653,nyamachoma,9,0.3965320885181427
3495662739256532804,pilau,10,0.5220533013343811
8401562721939660447,githeri,2,0.9969485402107239
9622201905220482849,ugali,12,0.5126398205757141
63625948565734799,kachumbari,3,0.8391635417938232
12783032832594175398,masalachips,6,0.9991130232810974
10016255734584487617,chapati,1,0.9928905963897705
14240476305046308115,ugali,12,0.793764054775238
18163819724578571188,mandazi,5,0.9992511868476868
7498296764986325048,bhaji,0,0.403994619846344
107237062910247483,bhaji,0,0.6090951561927795
10255648894052535135,mandazi,5,0.9895371198654175
11952985267683224487,bhaji,0,0.9966902732849121
14002663410851072019,mukimo,8,0.27578070759773254
7966594966604130128,pilau,10,0.9969762563705444
6682507767458170780,nyamachoma,9,0.9681471586227417
14975855235003076153,ugali,12,0.9720152020454407
14644963988026730156,chapati,1,0.9966092109680176
14733818526001033426,matoke,7,0.5194786190986633
3890266393469848568,chapati,1,0.9003885984420776
17845059770439246665,mandazi,5,0.9986386895179749
3793125430018403920,masalachips,6,0.6181026101112366
15018645075741600595,githeri,2,0.9960334897041321
14869098652331542245,nyamachoma,9,0.9063281416893005
14883350799668408092,matoke,7,0.5552769899368286
2163825923568549722,mandazi,5,0.9999626874923706
6073958115800953294,masalachips,6,0.7778262495994568
9983143109257055319,chapati,1,0.9991869330406189
6746562500781838043,mukimo,8,0.7116983532905579
13507811531970908780,chapati,1,0.9990571141242981
8362318401527894099,matoke,7,0.9994194507598877
1146082121229055859,masalachips,6,0.9698839783668518
1609143050607389938,nyamachoma,9,0.42811906337738037
9744777344956312944,chapati,1,0.9952349066734314
5588139849031514895,sukumawiki,11,0.2642115354537964
11020565079782254191,kachumbari,3,0.5279778242111206
3607672110942257674,nyamachoma,9,0.676975429058075
1398183371348896545,masalachips,6,0.9957615733146667
11044867619383050343,chapati,1,0.9982712268829346
6827689740719250982,masalachips,6,0.4680021405220032
17957050181611602287,mandazi,5,0.9939752221107483
10417553581850764656,ugali,12,0.442305326461792
16468968984286559123,githeri,2,0.9943398833274841
699206164563426944,masalachips,6,0.6977589726448059
14637370724708344224,nyamachoma,9,0.6167061924934387
1261318722338624942,mandazi,5,0.9855453372001648
3061810934794548394,chapati,1,0.9977418184280396
1697740580442690826,chapati,1,0.9963669776916504
14982433425707378904,chapati,1,0.9986168146133423
10707672208559554989,bhaji,0,0.9289628863334656
11044581937949087098,bhaji,0,0.7176146507263184
15174454883199729114,matoke,7,0.9781794548034668
15781013442978420992,mukimo,8,0.9844312071800232
10344999206857056903,bhaji,0,0.9619676470756531
1255838052347703913,nyamachoma,9,0.9595316052436829
3128569738018489091,chapati,1,0.9882388114929199
13206921344428048576,masalachips,6,0.25046953558921814
14821606558201435649,nyamachoma,9,0.999384880065918
11169730427123105877,nyamachoma,9,0.2875269055366516
6935090551980744441,chapati,1,0.6395359039306641
2075669848385099186,ugali,12,0.9842921495437622
3396833193198700680,ugali,12,0.9558677077293396
7903645926835307909,githeri,2,0.9744421243667603
8131343961915104980,githeri,2,0.999308705329895
5572067514111382278,ugali,12,0.5854569673538208
18130385372494771245,chapati,1,0.9946303367614746
16014255725798508949,ugali,12,0.9995823502540588
17678401718186637352,masalachips,6,0.4477742910385132
8464218233091680668,mukimo,8,0.9976397752761841
13198348573316800472,masalachips,6,0.8432141542434692
10619929827387197798,mandazi,5,0.9996360540390015
4483848793587466732,matoke,7,0.9193458557128906
14646216953902787580,ugali,12,0.5109748244285583
14885818782999856641,chapati,1,0.32244250178337097
2763233031761903091,nyamachoma,9,0.999968409538269
14433107744050567709,chapati,1,0.9350560903549194
929547668789122424,mandazi,5,0.47748371958732605
2224981444106704933,matoke,7,0.964387834072113
18426943923391956361,sukumawiki,11,0.9621431827545166
12675696889000557268,nyamachoma,9,0.998887836933136
15791703871751245807,chapati,1,0.9941336512565613
10519153448070663082,matoke,7,0.7842739820480347
7110786576969486032,bhaji,0,0.8984888195991516
15662555471234479295,bhaji,0,0.7656930088996887
2041918257774488258,matoke,7,0.9766895771026611
7798119164090028747,ugali,12,0.9962880611419678
16863679609295193704,nyamachoma,9,0.9992576241493225
5217401552568716653,bhaji,0,0.48169374465942383
8900485242932497652,nyamachoma,9,0.2964910566806793
15010872175872627302,chapati,1,0.9971563816070557
4015243674580015337,nyamachoma,9,0.412177711725235
14329999749436931016,bhaji,0,0.1774086207151413
2299237642879591215,nyamachoma,9,0.6164252161979675
5677145000661758740,mandazi,5,0.8808378577232361
3626183809635328010,ugali,12,0.8625625371932983
15544679750857647773,kachumbari,3,0.32857295870780945
15977602221596961242,sukumawiki,11,0.5291327238082886
17587312988469419512,mandazi,5,0.9990549683570862
10795359869992181027,bhaji,0,0.9902113080024719
2473792716552828424,ugali,12,0.9932605624198914
13229977937927150508,ugali,12,0.9996820688247681
16777923082017237424,chapati,1,0.5640727281570435
16941361751969582812,bhaji,0,0.9605563879013062
8296176228461347242,kachumbari,3,0.9219708442687988
2551679508373319620,mandazi,5,0.9877098798751831
1682467021062503279,sukumawiki,11,0.415846049785614
10980185564964092888,masalachips,6,0.9989375472068787
3592778677403097463,mandazi,5,0.9992502331733704
6512875783777128377,mandazi,5,0.9994598031044006
16900522038743265235,kachumbari,3,0.37533482909202576
16628438556945881387,mandazi,5,0.9998489618301392
15756845896695767480,chapati,1,0.9998303651809692
11723940602129810871,ugali,12,0.8549309968948364
2499934345403541782,pilau,10,0.9990864992141724
13792572633518521255,bhaji,0,0.9698230624198914
11540687631499223797,ugali,12,0.39168858528137207
12893931851747442508,sukumawiki,11,0.9468063712120056
1312543806639876521,masalachips,6,0.9769774675369263
15656915889418040474,chapati,1,0.5343107581138611
9914489783185702567,nyamachoma,9,0.8559486269950867
14689699371785903046,matoke,7,0.99870765209198
5630174982559132715,chapati,1,0.9999558925628662
3526683385051753766,ugali,12,0.9567326307296753
3819860595815022491,mukimo,8,0.9720733165740967
14289595034224601327,nyamachoma,9,0.587601363658905
4094609919090026678,pilau,10,0.9995390176773071
18414875746619865974,nyamachoma,9,0.6050137281417847
16215118427448248795,masalachips,6,0.8422139286994934
189575286464021791,bhaji,0,0.8561614155769348
2536449809862951899,chapati,1,0.9916054010391235
13552367371481848242,nyamachoma,9,0.9722894430160522
13493423979918447741,ugali,12,0.6578723192214966
6482224277738774779,chapati,1,0.5752067565917969
15984341305404319383,sukumawiki,11,0.8626277446746826
8330809471224801845,kachumbari,3,0.7726036906242371
14184832650243842139,nyamachoma,9,0.9987427592277527
6737403195775566481,bhaji,0,0.8532116413116455
7281277701967518313,mandazi,5,0.9988044500350952
6031163483739452341,githeri,2,0.9302637577056885
9151595898610176548,mandazi,5,0.9609689116477966
14954270823585947476,mandazi,5,0.998284637928009
8224140705519034519,masalachips,6,0.5811028480529785
3133172326519773057,masalachips,6,0.9884427189826965
15181524804269396907,githeri,2,0.9967653751373291
9549488084638141068,nyamachoma,9,0.9643418192863464
1006060013086312085,masalachips,6,0.9744868874549866
9914086191783929943,nyamachoma,9,0.9992817044258118
1012540739795173529,githeri,2,0.9937947988510132
18338581703934103416,ugali,12,0.9794482588768005
17894731876393806340,matoke,7,0.998184859752655
16683593917678038805,sukumawiki,11,0.9935843348503113
4177592678758114705,chapati,1,0.9967517852783203
2407911456049994585,nyamachoma,9,0.9997676014900208
6798074854550619405,bhaji,0,0.9835701584815979
2955804291129147538,bhaji,0,0.9924180507659912
8610771667677140612,matoke,7,0.7338674068450928
2589418739594187454,kachumbari,3,0.2818887531757355
14771953169442246108,ugali,12,0.9959861636161804
9605848492862836796,chapati,1,0.9838691353797913
17798498189032749418,chapati,1,0.985421895980835
10729862377049274337,nyamachoma,9,0.9982421398162842
18239911496208305896,chapati,1,0.9998757839202881
13172261710344007662,nyamachoma,9,0.992212176322937
2247466778915529376,nyamachoma,9,0.9995393753051758
4404476756115290291,nyamachoma,9,0.20473909378051758
13452690258779666660,nyamachoma,9,0.9975191354751587
876050976153399850,chapati,1,0.9903166890144348
14330512687843128887,masalachips,6,0.9992251396179199
16005804452728780221,masalachips,6,0.9728331565856934
9407793000171090428,nyamachoma,9,0.9873902797698975
292802461187707446,pilau,10,0.8582974672317505
14518567795193307057,ugali,12,0.8988676071166992
5230840419835044379,matoke,7,0.98411625623703
7596800488769036423,nyamachoma,9,0.9978165626525879
1428727541408651019,masalachips,6,0.9847092628479004
10993245191893468779,masalachips,6,0.9184868335723877
17696150560205563525,nyamachoma,9,0.98066645860672
4725812552826592991,githeri,2,0.9120891690254211
4216873989078305768,chapati,1,0.9221029281616211
17864066076414752915,chapati,1,0.9856249690055847
180880180783328209,matoke,7,0.9126415848731995
15294536547736352103,bhaji,0,0.9963170289993286
8923888819604027132,matoke,7,0.996713399887085
326430668864825278,mandazi,5,0.9969519376754761
18015840738198286236,mandazi,5,0.9992802739143372
103036780097863920,mandazi,5,0.5421727895736694
14075656350798247702,mukimo,8,0.968265175819397
9121483248452255010,kachumbari,3,0.9920996427536011
13629136560418963455,ugali,12,0.9998070597648621
3835631916358812569,bhaji,0,0.9981963038444519
7731995542456206558,chapati,1,0.9237122535705566
17499789004943031109,ugali,12,0.9612454175949097
10532083228859767991,githeri,2,0.6243780851364136
12814409014851519046,bhaji,0,0.3805740773677826
10697004676217407233,chapati,1,0.9997557997703552
15929465992836972617,masalachips,6,0.6138668060302734
1138106990904529981,githeri,2,0.9928438067436218
4137254480648939754,chapati,1,0.9260216355323792
1098023235865464920,matoke,7,0.28540492057800293
12693635314941678375,ugali,12,0.5771130323410034
494191127987467647,mandazi,5,0.7986668348312378
10710744428241805292,bhaji,0,0.6053931713104248
1331948340791588617,ugali,12,0.9466627836227417
17155176596608139776,kachumbari,3,0.9937798380851746
14759274639870568932,sukumawiki,11,0.5191100835800171
1816737487158588663,pilau,10,0.9443740248680115
5340609640658124121,mandazi,5,0.9418853521347046
15499739773845712139,kachumbari,3,0.5858696699142456
6285401122803073793,matoke,7,0.47637253999710083
12228548014114347637,bhaji,0,0.9981492757797241
8981686928535387831,chapati,1,0.512505292892456
54261387083828189,matoke,7,0.9982276558876038
1415597112341674171,bhaji,0,0.9985448122024536
11914821150418780901,nyamachoma,9,0.3935788571834564
7603932903567200733,mandazi,5,0.9999258518218994
13957916194498980767,kukuchoma,4,0.994130551815033
5312408548623099793,sukumawiki,11,0.9974144697189331
11079796085361065317,bhaji,0,0.9859830737113953
14542091352150712102,matoke,7,0.33303797245025635
3609108279531302134,sukumawiki,11,0.9981683492660522
12816264944833013721,matoke,7,0.6779223084449768
10364628891292215286,chapati,1,0.9556483030319214
10167444174484939993,mandazi,5,0.9958908557891846
13373868820710903194,githeri,2,0.9987670183181763
17177855810863632504,nyamachoma,9,0.9597844481468201
6884826951599795175,bhaji,0,0.9043367505073547
1174247532507103283,chapati,1,0.981901228427887
8074959968013521342,bhaji,0,0.9992795586585999
16631107634181700801,mandazi,5,0.9961810111999512
14503664762346347895,bhaji,0,0.7955222725868225
3306935610368657770,nyamachoma,9,0.7018110752105713
4453944119038229285,chapati,1,0.873112678527832
11609818703397893644,kachumbari,3,0.9638572931289673
17541793846121032654,kachumbari,3,0.20467399060726166
1413491267736237828,ugali,12,0.7139532566070557
5640441215423128996,kachumbari,3,0.26856622099876404
11158798791507354940,bhaji,0,0.9987265467643738
2462903048737553185,nyamachoma,9,0.9858744144439697
6131236831391510211,matoke,7,0.7068147659301758
17224247491032553528,ugali,12,0.5904555320739746
1085792071419706511,nyamachoma,9,0.9687736630439758
7623826795844332174,pilau,10,0.9973148703575134
15020646111049793044,chapati,1,0.8953695297241211
4308109774443930579,chapati,1,0.9999984502792358
15596358233125936287,chapati,1,0.7735739350318909
7440839796882776885,masalachips,6,0.9919633865356445
2614573750537076904,kukuchoma,4,0.7206487655639648
9229227572499429923,masalachips,6,0.9929460883140564
16081955052396515352,githeri,2,0.9954501986503601
9261063777481359695,mandazi,5,0.9997947812080383
13942675409217947095,bhaji,0,0.6412979364395142
11161592484022752993,sukumawiki,11,0.7559838891029358
7627405327067610943,pilau,10,0.9992623925209045
2984836545245190340,matoke,7,0.26201632618904114
4488742584997394445,ugali,12,0.8766025900840759
8850638967410431072,mandazi,5,0.9964829683303833
8900969075260160298,chapati,1,0.9884678721427917
3654748241539932415,chapati,1,0.9974251985549927
16359624726774465653,ugali,12,0.9541186094284058
10208281714289280088,ugali,12,0.9726577401161194
2982179634770272328,githeri,2,0.9508574604988098
13939825492558018160,chapati,1,0.9439380168914795
8026531078427276542,nyamachoma,9,0.9652715921401978
10373288511046020375,chapati,1,0.9976575374603271
428265386858000961,nyamachoma,9,0.6270450949668884
12070983743458305916,bhaji,0,0.6941207647323608
15227681188007686480,masalachips,6,0.25386205315589905
12038492551581814157,nyamachoma,9,0.9875445365905762
10483801740458139427,nyamachoma,9,0.9029975533485413
15582042505718620717,nyamachoma,9,0.8931542038917542
12732485253443099573,mandazi,5,0.9999043941497803
255345077539163246,bhaji,0,0.9904656410217285
15721642928858865483,nyamachoma,9,0.9905228018760681
672954769923018165,matoke,7,0.8430739045143127
14477917280356845903,sukumawiki,11,0.8646388053894043
3325918639776174273,chapati,1,0.9952110648155212
15910854737137573329,chapati,1,0.9998350143432617
11311150889517097196,chapati,1,0.9854539632797241
2994286387103322179,matoke,7,0.9380794763565063
11554647870369242755,ugali,12,0.9913856983184814
10012948178928844973,mandazi,5,0.9993045330047607
230968931011229920,mandazi,5,0.9831017851829529
11272422573892563227,mandazi,5,0.998051643371582
12505734476673450526,bhaji,0,0.9226310849189758
11870644920926774302,ugali,12,0.9814447164535522
3260325480167148205,nyamachoma,9,0.9909424185752869
7239545575946200807,bhaji,0,0.7998642325401306
1151340011619121945,bhaji,0,0.9799599647521973
4295620720041118240,chapati,1,0.9764487743377686
222229413783018438,mukimo,8,0.9740865230560303
4536714170584418454,kachumbari,3,0.5035970211029053
16958253624924284721,masalachips,6,0.2137414515018463
14344454081637602716,githeri,2,0.9917078614234924
362020298287397748,masalachips,6,0.9995417594909668
14335091147100010464,ugali,12,0.6056752800941467
3767803558849581161,matoke,7,0.9961042404174805
3937260071244987580,nyamachoma,9,0.9982303977012634
8776845394410171414,nyamachoma,9,0.9840191602706909
3476099940806487873,chapati,1,0.995658278465271
5118495218558568758,sukumawiki,11,0.8093444108963013
9334312099345027849,mandazi,5,0.8466662764549255
7178625613847295996,githeri,2,0.9998493194580078
17434792391398283853,mandazi,5,0.8626221418380737
3970747162106311276,pilau,10,0.472814679145813
508939443277112215,masalachips,6,0.9598355889320374
6827686749052556610,chapati,1,0.996049702167511
5301403657601924172,kachumbari,3,0.7862609624862671
8061768398722356164,masalachips,6,0.7234024405479431
16530947211268098698,ugali,12,0.9496292471885681
3212144336039033436,ugali,12,0.43666207790374756
15531978135341164318,bhaji,0,0.9738640785217285
15753219093765952776,nyamachoma,9,0.9557281136512756
11955422321727122681,ugali,12,0.9629496932029724
6187751657099179839,ugali,12,0.8309447169303894
3859803597881531662,matoke,7,0.8427857160568237
1624420788151593262,ugali,12,0.9836069345474243
5704150953485322846,kachumbari,3,0.3448360860347748
2750782705803875399,kachumbari,3,0.9848192930221558
1809594897324964994,githeri,2,0.9935562014579773
2906555109236171415,sukumawiki,11,0.22682823240756989
8016946327877005412,masalachips,6,0.9925661087036133
570418296745250296,masalachips,6,0.9860780239105225
2759563430117839769,ugali,12,0.9857959747314453
8191689196361054462,kachumbari,3,0.1935441642999649
16460555439699581499,chapati,1,0.9957098960876465
9729316094332948059,kachumbari,3,0.9975495934486389
15869416440044504815,mandazi,5,0.9995334148406982
14370130138336302583,mandazi,5,0.9998561143875122
16360053100243637554,chapati,1,0.9991563558578491
5226019996200340291,masalachips,6,0.9990637898445129
6317831331282602489,matoke,7,0.9987263083457947
1780765580077424678,chapati,1,0.9985034465789795
8648755337955970438,nyamachoma,9,0.9996349811553955
8963499626222449785,matoke,7,0.9600504636764526
15010453219563633688,nyamachoma,9,0.996812641620636
17076771111771916276,chapati,1,0.6596564054489136
8103186216717651954,chapati,1,0.9985781908035278
3335514176966232088,sukumawiki,11,0.9938643574714661
3806552847544798528,matoke,7,0.996101975440979
9983001519243515734,bhaji,0,0.9794624447822571
13740848199373029732,masalachips,6,0.46743640303611755
12759250811951168964,bhaji,0,0.6357789039611816
14081566878889776236,nyamachoma,9,0.9995362758636475
7256293637806766755,pilau,10,0.9975097179412842
10042452200113370715,masalachips,6,0.9957053065299988
4736115185826833796,chapati,1,0.9998288154602051
10146855953709637313,chapati,1,0.9998635053634644
9963874194584857281,nyamachoma,9,0.9977228045463562
963922924980847426,kachumbari,3,0.8094857931137085
3131639720496569985,matoke,7,0.9965946078300476
12221502945528211143,githeri,2,0.9861008524894714
4076570994290712712,masalachips,6,0.9739453792572021
15111563051992581074,kachumbari,3,0.9915736317634583
6123138375555250273,chapati,1,0.9968253374099731
11473820028228799385,chapati,1,0.9913057684898376
9502859232079638737,githeri,2,0.9992927312850952
12822984801274962169,chapati,1,0.8817151784896851
17733287478139414916,masalachips,6,0.9903873801231384
1371344754900764852,nyamachoma,9,0.3913739025592804
2556007834836133576,sukumawiki,11,0.7211987376213074
1723962232858790187,kachumbari,3,0.5224856734275818
18033263504731551310,kachumbari,3,0.680583119392395
3485167173366413063,bhaji,0,0.9854744672775269
13163766597204316175,bhaji,0,0.4131736159324646
9469542854685140180,ugali,12,0.9687232971191406
10417461014938569051,bhaji,0,0.7692209482192993
1101086852112914815,masalachips,6,0.9991783499717712
17965719205558860536,githeri,2,0.9875905513763428
915716063629455546,chapati,1,0.5676594376564026
12835348423889232535,kachumbari,3,0.49900782108306885
3730385426221707129,chapati,1,0.9999122619628906
9471564244625665357,chapati,1,0.3898659944534302
11804294007543250675,bhaji,0,0.9995805621147156
11443566797673901824,pilau,10,0.9961310625076294
13738694436628663675,masalachips,6,0.8903344869613647
3538716093069127154,bhaji,0,0.9984057545661926
11152145487391213387,nyamachoma,9,0.9206004738807678
18004644678378107263,bhaji,0,0.9908061623573303
5356515681973765891,ugali,12,0.9941761493682861
9056719094847129624,kachumbari,3,0.6366251111030579
9417117825994295366,chapati,1,0.9920715689659119
11797153860402397545,ugali,12,0.9084524512290955
12762109995665584616,chapati,1,0.953600287437439
13967636354169271196,nyamachoma,9,0.9986419081687927
4662318703558052158,kachumbari,3,0.4374845027923584
6433620700259351571,ugali,12,0.2971229553222656
11418020780046484746,githeri,2,0.9772886633872986
12364512757094615843,bhaji,0,0.5492709279060364
12793253785941933396,matoke,7,0.9993948936462402
17160973393552648717,kachumbari,3,0.8796231746673584
8230932254073290359,masalachips,6,0.4787583649158478
2398737898495864609,sukumawiki,11,0.8756619095802307
2431745078513709323,ugali,12,0.9966453909873962
17850164114256913036,chapati,1,0.9999313354492188
13111176240809360370,bhaji,0,0.5692712664604187
12348877400293200158,bhaji,0,0.5327819585800171
4527137191328522305,chapati,1,0.9971176385879517
5615659193278901962,sukumawiki,11,0.6623430848121643
9297875840369057514,githeri,2,0.7591494917869568
3439309440104164133,githeri,2,0.9196754693984985
15804995223901481463,pilau,10,0.9991222023963928
14784080218898399737,mandazi,5,0.9963735938072205
9335523107845893319,chapati,1,0.994821310043335
13919137189054992730,mandazi,5,0.36024630069732666
6221204522669679284,ugali,12,0.9901639819145203
12422873183785263624,ugali,12,0.954738438129425
10602126542081344456,mandazi,5,0.9986009001731873
9610706368676739838,chapati,1,0.8581673502922058
13211555919876126779,matoke,7,0.1682157963514328
14790279085155594495,ugali,12,0.630347728729248
10061861767693484137,chapati,1,0.9883384704589844
2578452281794353236,bhaji,0,0.8943017721176147
6474563962167795174,masalachips,6,0.5660039186477661
17210534352979300296,ugali,12,0.9964691400527954
12581217044189412164,nyamachoma,9,0.61775141954422
2777413882033489073,matoke,7,0.9516391754150391
14788469385970563138,mandazi,5,0.9392224550247192
952577651521651908,mandazi,5,0.9818030595779419
6572056070648508463,sukumawiki,11,0.7375643253326416
6944806154832152747,nyamachoma,9,0.6312424540519714
6320387480973366855,kachumbari,3,0.5083596706390381
4108683361318090080,chapati,1,0.9915669560432434
15307323044021690827,masalachips,6,0.952495276927948
5963029213602578163,ugali,12,0.9960306286811829
2135118803618397401,matoke,7,0.9996510744094849
1618978818159102165,mandazi,5,0.9792191386222839
18133551717905815019,pilau,10,0.9953747391700745
4448877871951946103,ugali,12,0.95719313621521
11526617272571493157,matoke,7,0.9981182813644409
2737472420388577697,mandazi,5,0.9999545812606812
14113208918002127606,mukimo,8,0.9987602233886719
6885420010283575441,chapati,1,0.9996169805526733
5033867424761892611,chapati,1,0.9184765815734863
10266902659295083441,kachumbari,3,0.7315512299537659
16728558560904016227,matoke,7,0.9511373043060303
3722135454471393378,bhaji,0,0.9633141756057739
6721340132611899062,sukumawiki,11,0.5626652240753174
15162516103725235494,chapati,1,0.9999924898147583
17540338176687178800,githeri,2,0.9548481106758118
13227099242459268271,nyamachoma,9,0.3802676200866699
7006405851530073117,mandazi,5,0.9997405409812927
1532086957913213704,nyamachoma,9,0.6305323839187622
1922836329278091291,nyamachoma,9,0.5932005643844604
12996544507914608881,masalachips,6,0.9999237060546875
3122564352120926217,mandazi,5,0.9993476271629333
14113767254285658937,mandazi,5,0.9995742440223694
9422350258431419063,chapati,1,0.9986787438392639
4039630903490244078,ugali,12,0.9985822439193726
14474177846666819107,githeri,2,0.9809737801551819
8456894392691479660,mukimo,8,0.7243384122848511
15646603959260555168,bhaji,0,0.4970172345638275
520360633524368281,nyamachoma,9,0.9613059163093567
11117759125338559636,masalachips,6,0.8660326600074768
16727233800936938420,pilau,10,0.932572603225708
17542312725499552915,sukumawiki,11,0.7885021567344666
13438310602385921393,sukumawiki,11,0.3611777126789093
15799150417003083830,nyamachoma,9,0.3578172028064728
11091193550656819941,pilau,10,0.9980931878089905
7100011903375021356,ugali,12,0.9956907629966736
9672465547754304110,githeri,2,0.9938406944274902
18301443123716145874,nyamachoma,9,0.9877605438232422
2400324415447056269,ugali,12,0.8626019358634949
12290676955087800036,masalachips,6,0.9992265701293945
6748713348847921569,nyamachoma,9,0.7558760643005371
14853373379261363545,nyamachoma,9,0.9787241816520691
6232636558598944983,chapati,1,0.9985378980636597
10506683434231810860,kachumbari,3,0.3354664444923401
8616441553972924483,ugali,12,0.9909170269966125
12823018413701037577,sukumawiki,11,0.9993836879730225
13607305395420305804,matoke,7,0.5334502458572388
16423264267335797272,pilau,10,0.9618818163871765
2660108674373407180,sukumawiki,11,0.5104665160179138
7506823032637888067,kukuchoma,4,0.9992087483406067
14907600478035390244,ugali,12,0.9579132199287415
15343688871541190605,nyamachoma,9,0.7428687214851379
6314096715012043755,masalachips,6,0.42290371656417847
3697052806271570355,githeri,2,0.9923226237297058
7095296847973937600,githeri,2,0.995449960231781
2097783291071828587,mandazi,5,0.9914279580116272
7103438760162678607,nyamachoma,9,0.9468984007835388
6826495855915914764,pilau,10,0.5253212451934814
8895222580200402487,mandazi,5,0.9895976185798645
17061045588500783654,masalachips,6,0.4089134633541107
18403792039170642555,masalachips,6,0.9775065183639526
5436218500909318162,nyamachoma,9,0.985980749130249
7090335710586585180,sukumawiki,11,0.7994956374168396
12364679000028286569,chapati,1,0.9981570839881897
13343190060226671342,bhaji,0,0.9734705686569214
18361632310508725159,chapati,1,0.9915004968643188
3328432290728190309,bhaji,0,0.21210719645023346
4013878968969303649,ugali,12,0.9896697402000427
342254884294343427,masalachips,6,0.8565607666969299
13000400453951407825,masalachips,6,0.9671674370765686
5299368598670376053,mandazi,5,0.9990677237510681
8613586079450983046,mandazi,5,0.9534086585044861
17229050710209913384,chapati,1,0.9997301697731018
2787489864413511046,githeri,2,0.6944178938865662
13551920298083453325,ugali,12,0.5490298867225647
4514822777811323246,bhaji,0,0.9029517769813538
8082017208962233056,nyamachoma,9,0.9792445302009583
8959879861829815440,masalachips,6,0.9634116291999817
4574080512455162074,bhaji,0,0.5348734855651855
10351321552509718242,githeri,2,0.7928577661514282
10050515638223314442,mandazi,5,0.9933050274848938
16950218206711962777,matoke,7,0.2891300320625305
13983039085023766405,nyamachoma,9,0.9975214600563049
13391809996198129571,nyamachoma,9,0.9630159735679626
15781707531856133212,githeri,2,0.8120085597038269
3741678571648944754,pilau,10,0.9995206594467163
18274213740130119189,masalachips,6,0.9859862327575684
2134814360785300534,ugali,12,0.9985339641571045
7202164087137196921,nyamachoma,9,0.8744122982025146
11562798857806808660,mandazi,5,0.7581323385238647
9609717132253400267,chapati,1,0.5508259534835815
10851665188086144096,kachumbari,3,0.9696307182312012
11299632968648331698,githeri,2,0.7532299160957336
15791639334496722722,kachumbari,3,0.5971454977989197
7866868166437123631,bhaji,0,0.9765363931655884
17582687004008127199,chapati,1,0.515152633190155
3128739111728374700,githeri,2,0.987721860408783
49403005563994236,masalachips,6,0.999975323677063
1851025771247273933,ugali,12,0.3255734145641327
18335973065494732603,chapati,1,0.9569984078407288
15846966106711095164,mandazi,5,0.8354697823524475
13246615735617325663,chapati,1,0.9969183206558228
14828464693772588599,mukimo,8,0.9993093013763428
7897705214027162616,pilau,10,0.9707129597663879
16316726223246099607,githeri,2,0.9990799427032471
13379120103899527603,mandazi,5,0.9984322190284729
1180279488524772316,nyamachoma,9,0.7007272839546204
573125046587835375,masalachips,6,0.9969601631164551
9455622265043837393,matoke,7,0.9132798910140991
11279908218093871009,kachumbari,3,0.926679253578186
10508811797266261726,nyamachoma,9,0.1660126894712448
7448314752935014867,chapati,1,0.8565791249275208
17937127923183919409,sukumawiki,11,0.9835659861564636
13280393165872350073,nyamachoma,9,0.998445451259613
9987748929643127811,masalachips,6,0.9987300038337708
4815300026156414451,bhaji,0,0.993490993976593
13257074777064862244,masalachips,6,0.9981169700622559
17913487156732559719,chapati,1,0.967898428440094
16584636308754833888,chapati,1,0.9999632835388184
17016194531290180584,chapati,1,0.7435977458953857
5398584390448294216,mukimo,8,0.9931476712226868
17989123767488385348,nyamachoma,9,0.9240331053733826
8054055387939986599,bhaji,0,0.16000588238239288
2868148878746219687,ugali,12,0.6375269293785095
3599007874642349329,githeri,2,0.4120648205280304
9985427678729282692,chapati,1,0.6494191884994507
725507537416935234,matoke,7,0.9976330995559692
16058389757712086067,ugali,12,0.6841874718666077
13495864791665742259,chapati,1,0.9902701377868652
3736311636193995849,matoke,7,0.9946481585502625
7069944228201524580,chapati,1,0.7617053985595703
9987632807364869709,chapati,1,0.9978925585746765
856873117176605906,pilau,10,0.9622493386268616
2166028538511551797,pilau,10,0.9992803931236267
50410635288993879,chapati,1,0.9760950803756714
11686084625492414640,nyamachoma,9,0.9817329049110413
626209249074323498,bhaji,0,0.9242362976074219
3746480945065602811,ugali,12,0.7549599409103394
8396236723442605889,bhaji,0,0.5279752612113953
6774158799031929280,sukumawiki,11,0.4816981852054596
3173247370964915065,chapati,1,0.9997056126594543
2899271494059264155,chapati,1,0.9956812858581543
9454800986798553859,ugali,12,0.9950128197669983
15450539672416277630,pilau,10,0.7723550200462341
8172558162846207490,ugali,12,0.9482427835464478
10980071427192134186,kachumbari,3,0.9686363935470581
1730626924174214169,githeri,2,0.9984487295150757
16088305652519027380,nyamachoma,9,0.9530818462371826
6817907151647124825,ugali,12,0.6405569911003113
8409839621855699938,nyamachoma,9,0.3846302926540375
18423369050123817568,matoke,7,0.5711444020271301
5865452858445962628,masalachips,6,0.9985882639884949
15617575508956638548,mandazi,5,0.5175701379776001
4781079925672478992,chapati,1,0.9976194500923157
12344218208966038964,mukimo,8,0.9950240254402161
5803177950092770827,chapati,1,0.9907625317573547
2030571443827676888,ugali,12,0.9960848093032837
5715310691245497709,ugali,12,0.8745611906051636
680055482946285540,mandazi,5,0.26268553733825684
12279804649668117069,ugali,12,0.4545423984527588
16064694664829207474,ugali,12,0.9354214668273926
16271962796057438680,mandazi,5,0.9948979020118713
17407164644096829758,nyamachoma,9,0.9957484602928162
8936543358036618968,ugali,12,0.7961385846138
12482948081733083879,nyamachoma,9,0.9940237402915955
6036690809816550455,chapati,1,0.9999741315841675
15774509175386121072,ugali,12,0.9991663694381714
12762169892358287662,kachumbari,3,0.6425256133079529
2964378868624553887,matoke,7,0.9867749214172363
10791629834287363649,kachumbari,3,0.7494557499885559
7861531088572184030,ugali,12,0.8405365943908691
11039340225427856921,ugali,12,0.9944568872451782
3839504197347153473,masalachips,6,0.9947677850723267
8164115707597442635,mandazi,5,0.9784830808639526
2442513301859160452,matoke,7,0.17777593433856964
11286894758093276309,bhaji,0,0.9924728870391846
17247439826935206669,githeri,2,0.9231201410293579
12472035486303806404,nyamachoma,9,0.9647065997123718
8864383204038916157,chapati,1,0.9890782237052917
9477063447395541099,kachumbari,3,0.9515160322189331
1784551336321293786,nyamachoma,9,0.9950157999992371
12962763238398627359,pilau,10,0.29963022470474243
9467059876051046537,bhaji,0,0.6778925657272339
12796141440678518689,mandazi,5,0.9999353885650635
9374173984992004674,nyamachoma,9,0.9615830183029175
1960736986207771305,chapati,1,0.9861333966255188
13727972974186781687,githeri,2,0.979586660861969
15853496694170956406,masalachips,6,0.9693558812141418
12413229900846481172,chapati,1,0.9985772371292114
18441800988331646093,matoke,7,0.9139397740364075
3616415337579297693,mandazi,5,0.9994375109672546
504006006742080753,chapati,1,0.9938461184501648
6803729141793461644,ugali,12,0.47582530975341797
14948875147957210615,ugali,12,0.9977912902832031
4664626221851502202,githeri,2,0.9969262480735779
6985038261533878658,githeri,2,0.9493215680122375
152888021689291186,pilau,10,0.9780620336532593
31710090846619110,chapati,1,0.5761394500732422
13316308935725775772,kukuchoma,4,0.679702639579773
10371782867175298965,ugali,12,0.8118130564689636
6809160214341311484,mukimo,8,0.5839030146598816
18369579926383556965,ugali,12,0.990921139717102
13316815897751714618,ugali,12,0.7864972949028015
6396591038294174819,nyamachoma,9,0.9956662654876709
6175923175697524236,kachumbari,3,0.39544522762298584
14579203465964835328,bhaji,0,0.9880615472793579
2930459753345228850,masalachips,6,0.9998577833175659
11058274914593348889,chapati,1,0.998839795589447
11272386488542472488,chapati,1,0.9893416166305542
14396271323363876211,chapati,1,0.985151469707489
9106567487865259649,kukuchoma,4,0.870958149433136
4083897169402282908,chapati,1,0.9991922974586487
10536300270659742242,matoke,7,0.9441754221916199
1524324381998951814,bhaji,0,0.8523730635643005
13889356072858768081,bhaji,0,0.45480218529701233
13046092059779174320,chapati,1,0.9982393980026245
9147118515029059717,masalachips,6,0.47152382135391235
4884908715746681179,ugali,12,0.9717481136322021
17000302746108182251,nyamachoma,9,0.9996196031570435
18042403032976536971,chapati,1,0.5637830495834351
5849146165974862944,kachumbari,3,0.4338596761226654
16928409432073245315,chapati,1,0.7356773614883423
2015899692617252429,mukimo,8,0.5392666459083557
17980027642878552332,ugali,12,0.7070121169090271
6555923592586729371,chapati,1,0.9954095482826233
17229523467539372791,nyamachoma,9,0.9969251751899719
1655820056990082835,kukuchoma,4,0.9457163214683533
11454517292593001511,ugali,12,0.9680105447769165
11947190595166529551,masalachips,6,0.8797507286071777
11351098185926786646,githeri,2,0.9975975155830383
5528771884209068889,ugali,12,0.9824365377426147
6468009430467410364,bhaji,0,0.9880051016807556
3760226432429706262,mandazi,5,0.9443030953407288
1253171383327810313,kachumbari,3,0.8111546635627747
10203541511031933373,mandazi,5,0.9995759129524231
16191886429617726763,bhaji,0,0.9904907941818237
16761524033244008930,chapati,1,0.5371586084365845
16469299669885562719,ugali,12,0.608380138874054
9836734105723430015,nyamachoma,9,0.9834977388381958
15505174384778606562,masalachips,6,0.9993993043899536
10017203437761541280,masalachips,6,0.997218132019043
13439795037187141784,nyamachoma,9,0.9518577456474304
12514819892510253670,masalachips,6,0.9805223345756531
1715463350291711070,githeri,2,0.9769318699836731
7408919968790131218,matoke,7,0.9998353719711304
13940458653671796544,ugali,12,0.3136734366416931
7181469353547598878,githeri,2,0.6655144095420837
17279393350855499335,bhaji,0,0.5701032876968384
3759358383312981210,nyamachoma,9,0.970207154750824
17642519064997669291,ugali,12,0.9990010857582092
4288033394674623641,nyamachoma,9,0.5668080449104309
7151547404252358136,githeri,2,0.9816479682922363
1868109317692894922,matoke,7,0.9718084931373596
12327116534611590760,mandazi,5,0.9998781681060791
12903887034410917010,bhaji,0,0.9905694723129272
13688545282406807934,kachumbari,3,0.9348145723342896
3316494615418634845,sukumawiki,11,0.9057485461235046
17207040581827766683,kachumbari,3,0.8284786343574524
2919934771304300737,masalachips,6,0.8515846729278564
3198151528461368244,chapati,1,0.30476921796798706
10103763181844518961,mukimo,8,0.35797548294067383
5166134352301815123,nyamachoma,9,0.6670750379562378
7885935125002285873,mukimo,8,0.1538086086511612
18007961739551904029,mukimo,8,0.9983245730400085
15173096783841936558,mandazi,5,0.9984493255615234
13036738916593120738,githeri,2,0.9943523406982422
10354662323938476449,chapati,1,0.6640153527259827
11787766096002607097,sukumawiki,11,0.8015503287315369
4863960643351143772,pilau,10,0.9927790760993958
5379328535279917121,chapati,1,0.36624330282211304
3509130205054570497,nyamachoma,9,0.9989678859710693
5401219456540441384,chapati,1,0.4512259364128113
16068045086028911094,sukumawiki,11,0.6198616623878479
9173210393871356667,chapati,1,0.9952841401100159
8577455264185261616,githeri,2,0.9954191446304321
10984765358796854556,ugali,12,0.6534081697463989
13354030671879228104,nyamachoma,9,0.9796901941299438
10264960019373316310,ugali,12,0.8406258821487427
12639031659766357988,nyamachoma,9,0.9941551089286804
17999040034330114797,masalachips,6,0.9713231325149536
9242841675443842119,bhaji,0,0.38335227966308594
16090370659377724717,mukimo,8,0.987612783908844
1674572457225651955,ugali,12,0.48172804713249207
3409984155490683946,mukimo,8,0.9992635846138
7046126591494148881,mandazi,5,0.9993547797203064
15242087691161580527,mandazi,5,0.9998204112052917
2344080195093898777,bhaji,0,0.6485415697097778
7167836781426065095,matoke,7,0.9878736138343811
11853808499021519488,sukumawiki,11,0.2474087029695511
12162992756092840108,pilau,10,0.7905948162078857
12845086906581581025,sukumawiki,11,0.7897316217422485
15032902680516105433,mukimo,8,0.9765045642852783
16284339368408617325,ugali,12,0.7558396458625793
2486102806187217563,ugali,12,0.9953937530517578
16952847848158134734,bhaji,0,0.7737842202186584
5939975296624036988,githeri,2,0.9979704022407532
10176356153835566581,ugali,12,0.22629326581954956
16441050918723849392,matoke,7,0.9696971774101257
10210408058411103472,kachumbari,3,0.7962827682495117
6835424573932973161,ugali,12,0.5293577909469604
1416608071633996509,bhaji,0,0.9853556752204895
634042432987635792,ugali,12,0.9957436919212341
16430359035991942160,pilau,10,0.9979801774024963
8330157423714725352,nyamachoma,9,0.9966512322425842
9437425600945167740,nyamachoma,9,0.7295069098472595
17449231579446717630,mandazi,5,0.9968321919441223
10320356927600389905,nyamachoma,9,0.9448803663253784
4542791172190032569,nyamachoma,9,0.9873204231262207
1900569551459176603,githeri,2,0.9942564368247986
11509772022735648272,ugali,12,0.9961667656898499
3573821196976400483,pilau,10,0.9653334021568298
5532429127410230523,kachumbari,3,0.8980463743209839
17396465452706938130,sukumawiki,11,0.7521399259567261
10620358370202923405,ugali,12,0.16471458971500397
5647013290092490464,chapati,1,0.8265812993049622
3693123110362606542,sukumawiki,11,0.2953175902366638
15752312655350223308,ugali,12,0.945450484752655
5626042837239935474,ugali,12,0.8785643577575684
12687387531012590726,chapati,1,0.9990184307098389
17303778962142622943,nyamachoma,9,0.9408299326896667
15998400115613049600,ugali,12,0.9911834001541138
15607329917012448646,mandazi,5,0.9988252520561218
9831451002903685171,mandazi,5,0.9973251819610596
474071178898557641,matoke,7,0.9990785121917725
2126561920171109649,githeri,2,0.9819444417953491
17720302108385555487,githeri,2,0.3143538236618042
1923401634727571601,nyamachoma,9,0.998930037021637
13405159931727864910,ugali,12,0.9456868171691895
8127640645858525485,nyamachoma,9,0.9001966118812561
8141814740350368807,ugali,12,0.41690313816070557
1956655081026942891,chapati,1,0.9445530772209167
3042354874029001686,masalachips,6,0.9995962977409363
12001296101416377746,bhaji,0,0.9207087755203247
4340211636883298006,bhaji,0,0.9942296743392944
14910815778585905462,matoke,7,0.9958898425102234
1073763521135295622,bhaji,0,0.5207279324531555
15310154059733998478,nyamachoma,9,0.996694803237915
104956647675820356,sukumawiki,11,0.610645592212677
1703023458869847812,nyamachoma,9,0.9914622902870178
2860081108466158644,ugali,12,0.2617909908294678
13790341694227572531,chapati,1,0.5613258481025696
4232555077097322163,matoke,7,0.9035236239433289
18332631937920626674,nyamachoma,9,0.9889772534370422
9886588510475065022,chapati,1,0.9984555244445801
5617948646673360638,ugali,12,0.5096413493156433
16533487991386443846,masalachips,6,0.9948268532752991
6883789201449454369,githeri,2,0.9999544620513916
10700319438606129328,kachumbari,3,0.38693735003471375
18103661662374264683,chapati,1,0.9896420836448669
12320624771371620611,sukumawiki,11,0.6375558972358704
14301458430728614216,mandazi,5,0.9946187734603882
2068150118026101102,bhaji,0,0.6225945949554443
14651396983149172235,githeri,2,0.998444139957428
7276441722201816177,kachumbari,3,0.9726027250289917
13030474542176117586,mandazi,5,0.9578563570976257
8414147426878290177,masalachips,6,0.9937055706977844
7691051705431832854,ugali,12,0.6725823283195496
3358463591943382311,kachumbari,3,0.9864153265953064
4773423775489923214,nyamachoma,9,0.6479830145835876
7041581166084582091,matoke,7,0.9895882606506348
9832390943181770096,ugali,12,0.9923133254051208
2344461873770014309,chapati,1,0.8497816920280457
9732487811157129771,githeri,2,0.9384033679962158
6126850685754045171,bhaji,0,0.669638991355896
10582487494537163215,githeri,2,0.9854109287261963
9139446976204937428,nyamachoma,9,0.2828611731529236
9048682720469804615,mandazi,5,0.9973723888397217
5701517396600178856,githeri,2,0.9990074038505554
11683136514686159716,nyamachoma,9,0.5946030616760254
12445059029864140012,ugali,12,0.8835419416427612
5277804077053234867,nyamachoma,9,0.5210769772529602
13132651776640899968,mukimo,8,0.9956421852111816
12791160987897779976,nyamachoma,9,0.9907885193824768
4916207054427461956,masalachips,6,0.6606575846672058
11660516594270309605,chapati,1,0.9890052676200867
18153554256201967999,mukimo,8,0.3135034739971161
16003046902247218372,chapati,1,0.9790438413619995
12568830030170575694,matoke,7,0.9494714736938477
17428083461665746253,kachumbari,3,0.5567764639854431
6392045152143226394,kukuchoma,4,0.4388488531112671
12467060892843811929,chapati,1,0.5930882692337036
15307304429787502647,nyamachoma,9,0.9288041591644287
9884636669960822870,mukimo,8,0.9950512051582336
16516137224955958547,mandazi,5,0.9932903051376343
4675713817521127585,mandazi,5,0.9979523420333862
14897899541660122499,masalachips,6,0.39480289816856384
51494649589090308,nyamachoma,9,0.9978808164596558
17111282132647759228,bhaji,0,0.8561453223228455
5075160390735639919,githeri,2,0.9990600943565369
11171609565143950113,bhaji,0,0.4485372006893158
1265667290428250027,kukuchoma,4,0.20379483699798584
8747656756251649952,chapati,1,0.9986078143119812
6932804917731113281,githeri,2,0.6989901065826416
5931093642152129384,mandazi,5,0.9951415061950684
8700071077557855382,nyamachoma,9,0.9827043414115906
16137372327796350145,ugali,12,0.8470228910446167
13487503338633620941,githeri,2,0.9934468865394592
4475076427427447820,sukumawiki,11,0.9954234957695007
16650485826744610229,matoke,7,0.49321669340133667
15975300486287559149,chapati,1,0.9954360127449036
15403420818112465789,matoke,7,0.9584876298904419
14304015679813543844,sukumawiki,11,0.49146318435668945
1876803055874027339,matoke,7,0.9991676807403564
8907702443903089711,masalachips,6,0.9955005049705505
2367521501285813244,mandazi,5,0.9957277774810791
18399057617990862415,ugali,12,0.32998329401016235
12271621435591006611,ugali,12,0.9547170400619507
8075343263870747236,mandazi,5,0.9243065714836121
13541846575085077717,matoke,7,0.5628190040588379
9297162226731417425,masalachips,6,0.9972754120826721
6028165130408873509,nyamachoma,9,0.5186524987220764
10243624299955586797,chapati,1,0.7942091822624207
526253667495571389,ugali,12,0.6794866919517517
8878583122904013188,pilau,10,0.637938380241394
7462047412345243641,ugali,12,0.9996880292892456
9545574305615988973,ugali,12,0.991692841053009
6572065594817411630,nyamachoma,9,0.9984958171844482
16240294111417736364,sukumawiki,11,0.8430513739585876
8465211282352040108,kachumbari,3,0.9485576748847961
9942288394895695942,mandazi,5,0.24060167372226715
5516465342013907071,ugali,12,0.9859330058097839
7849831477170514970,chapati,1,0.8372890949249268
8171659330960222196,chapati,1,0.48872625827789307
724438230758064224,chapati,1,0.9995806813240051
4893338428504341540,githeri,2,0.9839809536933899
2600769511702945169,nyamachoma,9,0.9965808987617493
18035688642552147908,matoke,7,0.9753684997558594
17914231228109970366,matoke,7,0.7262752056121826
12572693452350169998,nyamachoma,9,0.9858058094978333
1853546307740129133,bhaji,0,0.8664629459381104
12928607961960439678,mukimo,8,0.9962788224220276
16858989850871977407,pilau,10,0.3925067186355591
6376087942682676417,chapati,1,0.9979643821716309
2865476282435938383,masalachips,6,0.9736483097076416
6577629572379922315,mandazi,5,0.9995706677436829
10053968366178130571,sukumawiki,11,0.9560667276382446
18262332427659754923,bhaji,0,0.902808427810669
14736377393501259014,matoke,7,0.9942263960838318
4238243495643826678,kachumbari,3,0.9675557613372803
4438330163417144962,mukimo,8,0.9946537017822266
17647919880829694060,chapati,1,0.9966992735862732
15724177877360668352,kachumbari,3,0.9627012610435486
8818144310971459792,ugali,12,0.7930309176445007
1013952166807497168,pilau,10,0.8801544904708862
12455267876915175342,chapati,1,0.9999176263809204
16207772984496375986,pilau,10,0.9924259185791016
15611581128678721814,githeri,2,0.9967325925827026
6425577949886947667,chapati,1,0.999528169631958
9205129777381640635,nyamachoma,9,0.9799020290374756
11791724966108167231,mandazi,5,0.9998716115951538
15055844595530745526,nyamachoma,9,0.9959281086921692
4321845221603757100,chapati,1,0.9974457025527954
14037709158029880395,ugali,12,0.9991810917854309
1427143001731403449,chapati,1,0.9568396806716919
4297934370841092623,masalachips,6,0.9991820454597473
3061291508623918281,sukumawiki,11,0.9516916275024414
2898165480889255917,mandazi,5,0.9986190795898438
411417267119446365,chapati,1,0.9908756017684937
2077040088870774841,mandazi,5,0.9997649788856506
17721024324489212453,githeri,2,0.9909217953681946
15040030949411171384,chapati,1,0.9986287355422974
5053722403418721391,bhaji,0,0.9994146823883057
8906369937087635611,kachumbari,3,0.3796304762363434
4352692247159387740,mandazi,5,0.38800495862960815
13938600820860208169,ugali,12,0.6212219595909119
14923927546545724500,githeri,2,0.493704617023468
17991507866984729258,chapati,1,0.999288022518158
4581212182778854911,chapati,1,0.4853091835975647
15612567078362920839,mandazi,5,0.7860918641090393
16184090265294880026,ugali,12,0.7566040754318237
38444303136476172,nyamachoma,9,0.4141113758087158
16856724721935104840,masalachips,6,0.7606900930404663
2340955473066890850,nyamachoma,9,0.9790251851081848
16759206379836099311,chapati,1,0.9120401740074158
11443150436196590511,chapati,1,0.9993619322776794
3998548012278459275,mandazi,5,0.9892947673797607
1710087518209128715,sukumawiki,11,0.7390626072883606
15102386848949584409,kachumbari,3,0.789099931716919
10853008516383035203,bhaji,0,0.9175286889076233
10826072273851009499,mandazi,5,0.954419732093811
2892826273970616039,nyamachoma,9,0.751891553401947
14884867738484362016,chapati,1,0.9691346883773804
7300707897886061279,githeri,2,0.9890527129173279
6270972093551642711,chapati,1,0.9947319030761719
8167890009429408947,masalachips,6,0.7908567190170288
8494908487746813132,mandazi,5,0.9920064806938171
5797740278684476588,kachumbari,3,0.998071014881134
1268853060970168600,matoke,7,0.8503684401512146
17194171674521480016,sukumawiki,11,0.3421061336994171
410767713291632782,chapati,1,0.8831748962402344
14070496070439832295,ugali,12,0.9822529554367065
15461336456581749050,kachumbari,3,0.9990817308425903
4710262463064487129,bhaji,0,0.9596244692802429
8932484243665204162,githeri,2,0.9998384714126587
17793511006924940690,masalachips,6,0.975712239742279
2447819354520689764,githeri,2,0.9927942156791687
18204843003659860818,nyamachoma,9,0.9708126783370972
11305592030899710835,mandazi,5,0.9999195337295532
8442556265306306568,mandazi,5,0.9884080290794373
4180937810920678671,chapati,1,0.38150763511657715
14568481059975767541,nyamachoma,9,0.9854259490966797
7176457125199583272,nyamachoma,9,0.7445336580276489
15837883805851084503,chapati,1,0.994515597820282
2620049146288720225,githeri,2,0.9991149306297302
14682022971419658088,chapati,1,0.9970071911811829
1997554936120204315,matoke,7,0.9560692310333252
10512852557571437074,ugali,12,0.988318145275116
10815116019028231574,bhaji,0,0.8237332701683044
17405823518480242573,pilau,10,0.8710442185401917
1650418735303575021,mandazi,5,0.9992197751998901
6071631426721779370,bhaji,0,0.9637780785560608
15490707535641028515,bhaji,0,0.9219248294830322
2853626786531852273,ugali,12,0.9985072016716003
358981381902316105,mukimo,8,0.8996782302856445
15246833662796709148,mandazi,5,0.9995965361595154
3711403687064729885,pilau,10,0.23652902245521545
4431928630435222523,pilau,10,0.9531986117362976
6318123193382700060,mandazi,5,0.9990880489349365
18309647083736534668,nyamachoma,9,0.9713034629821777
15529833818405966637,chapati,1,0.993424654006958
1338531362454450346,bhaji,0,0.3394365906715393
12321092172142397531,bhaji,0,0.9971386194229126
18301498140599740250,chapati,1,0.9988695979118347
10195507108269262644,masalachips,6,0.6598010063171387
5270117258795090888,ugali,12,0.9765716791152954
13004884250122536899,masalachips,6,0.8964758515357971
11914506071616812775,ugali,12,0.3558279275894165
5054760914983930526,masalachips,6,0.52561354637146
4724828799594768838,ugali,12,0.7904782891273499
5991642280840420094,mandazi,5,0.9996300935745239
11211894933215739524,nyamachoma,9,0.6763890385627747
2471255497063470064,kachumbari,3,0.4520638883113861
1634677067926052168,chapati,1,0.9995231628417969
18119167464207084546,matoke,7,0.9997783303260803
2200281231231374883,pilau,10,0.36080318689346313
21777686455352971,githeri,2,0.999893069267273
9355850566771046766,kachumbari,3,0.7572190761566162
5329791121973914714,matoke,7,0.9925549626350403
8169398357497609509,githeri,2,0.6273314952850342
4115855569707467526,chapati,1,0.8032357692718506
743012228932996608,sukumawiki,11,0.9853450655937195
13392872177502096557,mandazi,5,0.9993340373039246
16347512959885457500,nyamachoma,9,0.9885401129722595
3369988945783950068,kachumbari,3,0.16930612921714783
15533621051618586637,nyamachoma,9,0.9830639958381653
11745018387233210534,kachumbari,3,0.9911562204360962
16702924748016195659,mukimo,8,0.999311089515686
9081695650731655657,mandazi,5,0.9998514652252197
15186846494439417666,mandazi,5,0.9968335032463074
11857063416583993569,masalachips,6,0.9949996471405029
15094209723693830648,bhaji,0,0.8419950604438782
15270725996382649745,chapati,1,0.9882709383964539
7636321304474614897,chapati,1,0.6267814636230469
6036422990637343334,kachumbari,3,0.8826314806938171
14381175113183798313,masalachips,6,0.6211123466491699
16163698595106064783,chapati,1,0.9987093210220337
14147686517222502987,sukumawiki,11,0.9432538151741028
10723558968331143654,nyamachoma,9,0.9716108441352844
17369887714922783958,ugali,12,0.9863199591636658
7292013769757473790,chapati,1,0.9656131863594055
14542278034613981489,nyamachoma,9,0.9906377792358398
1454430129030544281,kachumbari,3,0.9277262091636658
5119270676735881810,masalachips,6,0.9993398785591125
1332419927557888525,nyamachoma,9,0.959680438041687
13334162841330420370,nyamachoma,9,0.996086597442627
14028842691736739333,mandazi,5,0.9366437792778015
15376301611496608511,bhaji,0,0.4283076226711273
8743806323055095643,mandazi,5,0.889076292514801
1861222934157723954,nyamachoma,9,0.984904408454895
9424367005659488848,chapati,1,0.9984220266342163
12954994108174539032,sukumawiki,11,0.9956127405166626
14904890058669491601,masalachips,6,0.9937542080879211
11648134672858840143,pilau,10,0.9924466609954834
16506613738506365486,pilau,10,0.9999464750289917
13250687501080686233,nyamachoma,9,0.6740890145301819
2445750027843907911,ugali,12,0.9848892688751221
169596052904384929,matoke,7,0.999572217464447
9568329440250010351,pilau,10,0.9352681636810303
13767647365069003418,githeri,2,0.9032350778579712
2519346873942500557,mandazi,5,0.9961082339286804
13745924057774526623,sukumawiki,11,0.8379882574081421
14705482677872366116,kachumbari,3,0.9999010562896729
16165919877839179215,githeri,2,0.9987353682518005
7787602503367496997,masalachips,6,0.99482661485672
1327679144513531403,chapati,1,0.9997643828392029
1183733029670761680,mandazi,5,0.99237459897995
10674321683321961133,kachumbari,3,0.9996978044509888
5690943988096131409,githeri,2,0.9996857643127441
4544978267322997814,chapati,1,0.9989243149757385
13317272067204100182,ugali,12,0.6238776445388794
12586310520313462797,nyamachoma,9,0.8860453963279724
4536620945475940566,mukimo,8,0.9991551637649536
16047648421475878169,githeri,2,0.9564129114151001
8950102329910390389,nyamachoma,9,0.9540867209434509
3146403483459214329,ugali,12,0.7942186594009399
16228985468751647345,chapati,1,0.9562371969223022
417289290762147796,nyamachoma,9,0.2609490752220154
15978219442538254263,nyamachoma,9,0.2937268912792206
5513243162994020949,chapati,1,0.9887925982475281
1759135768261014724,kachumbari,3,0.5904002785682678
12997476133667802748,chapati,1,0.2511429488658905
2855642253712763651,matoke,7,0.9720497131347656
4017085193156170180,mandazi,5,0.9966751337051392
4887517735297086708,mandazi,5,0.9987673759460449
6936903775384716624,bhaji,0,0.6798123717308044
2423880398079295250,mandazi,5,0.9996684789657593
11735241419066753610,sukumawiki,11,0.3490927219390869
14750003877255899680,bhaji,0,0.6507877111434937
18068544492434403471,mandazi,5,0.9823174476623535
7885387890389063149,chapati,1,0.9999101161956787
4731425001968148142,chapati,1,0.9982896447181702
18271367177168542225,mukimo,8,0.5685343742370605
10850480463793081851,kachumbari,3,0.9576795101165771
8623706142352855494,masalachips,6,0.9994454979896545
17564317916912636892,githeri,2,0.7697197794914246
8091273939017284713,nyamachoma,9,0.9882899522781372
10337523048897178851,nyamachoma,9,0.9258427023887634
8759384690453732159,mandazi,5,0.9997871518135071
13202364408612726373,githeri,2,0.9678524136543274
563134102082537349,mukimo,8,0.9824308753013611
420015437990293089,mukimo,8,0.991005539894104
7596268598227627643,ugali,12,0.9936116337776184
1704933171119356655,nyamachoma,9,0.9955702424049377
9262750812933300107,masalachips,6,0.9470393061637878
4858510207088946382,nyamachoma,9,0.9947323799133301
5807637199214953403,nyamachoma,9,0.7803418636322021
18302448610371772604,githeri,2,0.9999856948852539
15920672464676076400,chapati,1,0.9935727119445801
3232020170382870007,bhaji,0,0.7813102602958679
3094804487341098468,kachumbari,3,0.9781948924064636
5827342261332058667,ugali,12,0.6918718814849854
